Text,Label
Michelin Pilot Sport 4 225/45 R17 94Y,Michelin Pilot Sport 4 225/45 R17
MICH Pilot Sport 4 225/45R17 94Y,Michelin Pilot Sport 4 225/45 R17
Michelin Pilot Sport 4 225-45-17,Michelin Pilot Sport 4 225/45 R17
МИШЛЕН Pilot Sport 4 225/45 R17 94Y,Michelin Pilot Sport 4 225/45 R17
MICH PS4 225/45R17 94Y,Michelin Pilot Sport 4 225/45 R17
MICH Pilot Sport 4 225/45 R17 94Y,Michelin Pilot Sport 4 225/45 R17
Michelin Pilot Sport 4 225/45R17 94Y,Michelin Pilot Sport 4 225/45 R17
МИШЛЕН Pilot Sport 4 225/45R17 94Y,Michelin Pilot Sport 4 225/45 R17
MICH Pilot Sport 4 225-45-17,Michelin Pilot Sport 4 225/45 R17
МИШЛЕН Pilot Sport 4 225-45-17,Michelin Pilot Sport 4 225/45 R17
Michelin PS4 225/45R17 94Y,Michelin Pilot Sport 4 225/45 R17
МИШЛЕН PS4 225/45R17 94Y,Michelin Pilot Sport 4 225/45 R17
Michelin Pilot Sport 4 235/45 R18 98Y,Michelin Pilot Sport 4 235/45 R18
MICH Pilot Sport 4 235/45R18 98Y,Michelin Pilot Sport 4 235/45 R18
Michelin Pilot Sport 4 235-45-18,Michelin Pilot Sport 4 235/45 R18
МИШЛЕН Pilot Sport 4 235/45 R18 98Y,Michelin Pilot Sport 4 235/45 R18
MICH PS4 235/45R18 98Y,Michelin Pilot Sport 4 235/45 R18
MICH Pilot Sport 4 235/45 R18 98Y,Michelin Pilot Sport 4 235/45 R18
Michelin Pilot Sport 4 235/45R18 98Y,Michelin Pilot Sport 4 235/45 R18
МИШЛЕН Pilot Sport 4 235/45R18 98Y,Michelin Pilot Sport 4 235/45 R18
MICH Pilot Sport 4 235-45-18,Michelin Pilot Sport 4 235/45 R18
МИШЛЕН Pilot Sport 4 235-45-18,Michelin Pilot Sport 4 235/45 R18
Michelin PS4 235/45R18 98Y,Michelin Pilot Sport 4 235/45 R18
МИШЛЕН PS4 235/45R18 98Y,Michelin Pilot Sport 4 235/45 R18
Michelin Pilot Sport 4 245/40 R18 97Y,Michelin Pilot Sport 4 245/40 R18
MICH Pilot Sport 4 245/40R18 97Y,Michelin Pilot Sport 4 245/40 R18
Michelin Pilot Sport 4 245-40-18,Michelin Pilot Sport 4 245/40 R18
МИШЛЕН Pilot Sport 4 245/40 R18 97Y,Michelin Pilot Sport 4 245/40 R18
MICH PS4 245/40R18 97Y,Michelin Pilot Sport 4 245/40 R18
MICH Pilot Sport 4 245/40 R18 97Y,Michelin Pilot Sport 4 245/40 R18
Michelin Pilot Sport 4 245/40R18 97Y,Michelin Pilot Sport 4 245/40 R18
МИШЛЕН Pilot Sport 4 245/40R18 97Y,Michelin Pilot Sport 4 245/40 R18
MICH Pilot Sport 4 245-40-18,Michelin Pilot Sport 4 245/40 R18
МИШЛЕН Pilot Sport 4 245-40-18,Michelin Pilot Sport 4 245/40 R18
Michelin PS4 245/40R18 97Y,Michelin Pilot Sport 4 245/40 R18
МИШЛЕН PS4 245/40R18 97Y,Michelin Pilot Sport 4 245/40 R18
Michelin Pilot Sport 4 255/40 R19 100Y,Michelin Pilot Sport 4 255/40 R19
MICH Pilot Sport 4 255/40R19 100Y,Michelin Pilot Sport 4 255/40 R19
Michelin Pilot Sport 4 255-40-19,Michelin Pilot Sport 4 255/40 R19
МИШЛЕН Pilot Sport 4 255/40 R19 100Y,Michelin Pilot Sport 4 255/40 R19
MICH PS4 255/40R19 100Y,Michelin Pilot Sport 4 255/40 R19
MICH Pilot Sport 4 255/40 R19 100Y,Michelin Pilot Sport 4 255/40 R19
Michelin Pilot Sport 4 255/40R19 100Y,Michelin Pilot Sport 4 255/40 R19
МИШЛЕН Pilot Sport 4 255/40R19 100Y,Michelin Pilot Sport 4 255/40 R19
MICH Pilot Sport 4 255-40-19,Michelin Pilot Sport 4 255/40 R19
МИШЛЕН Pilot Sport 4 255-40-19,Michelin Pilot Sport 4 255/40 R19
Michelin PS4 255/40R19 100Y,Michelin Pilot Sport 4 255/40 R19
МИШЛЕН PS4 255/40R19 100Y,Michelin Pilot Sport 4 255/40 R19
Michelin CrossClimate 2 205/55 R16 94V,Michelin CrossClimate 2 205/55 R16
MICH CrossClimate 2 205/55R16 94V,Michelin CrossClimate 2 205/55 R16
Michelin CrossClimate 2 205-55-16,Michelin CrossClimate 2 205/55 R16
МИШЛЕН CrossClimate 2 205/55 R16 94V,Michelin CrossClimate 2 205/55 R16
MICH CC2 205/55R16 94V,Michelin CrossClimate 2 205/55 R16
MICH CrossClimate 2 205/55 R16 94V,Michelin CrossClimate 2 205/55 R16
Michelin CrossClimate 2 205/55R16 94V,Michelin CrossClimate 2 205/55 R16
МИШЛЕН CrossClimate 2 205/55R16 94V,Michelin CrossClimate 2 205/55 R16
MICH CrossClimate 2 205-55-16,Michelin CrossClimate 2 205/55 R16
МИШЛЕН CrossClimate 2 205-55-16,Michelin CrossClimate 2 205/55 R16
Michelin CC2 205/55R16 94V,Michelin CrossClimate 2 205/55 R16
МИШЛЕН CC2 205/55R16 94V,Michelin CrossClimate 2 205/55 R16
Michelin CrossClimate 2 215/55 R17 98V,Michelin CrossClimate 2 215/55 R17
MICH CrossClimate 2 215/55R17 98V,Michelin CrossClimate 2 215/55 R17
Michelin CrossClimate 2 215-55-17,Michelin CrossClimate 2 215/55 R17
МИШЛЕН CrossClimate 2 215/55 R17 98V,Michelin CrossClimate 2 215/55 R17
MICH CC2 215/55R17 98V,Michelin CrossClimate 2 215/55 R17
MICH CrossClimate 2 215/55 R17 98V,Michelin CrossClimate 2 215/55 R17
Michelin CrossClimate 2 215/55R17 98V,Michelin CrossClimate 2 215/55 R17
МИШЛЕН CrossClimate 2 215/55R17 98V,Michelin CrossClimate 2 215/55 R17
MICH CrossClimate 2 215-55-17,Michelin CrossClimate 2 215/55 R17
МИШЛЕН CrossClimate 2 215-55-17,Michelin CrossClimate 2 215/55 R17
Michelin CC2 215/55R17 98V,Michelin CrossClimate 2 215/55 R17
МИШЛЕН CC2 215/55R17 98V,Michelin CrossClimate 2 215/55 R17
Michelin CrossClimate 2 225/50 R17 98V,Michelin CrossClimate 2 225/50 R17
MICH CrossClimate 2 225/50R17 98V,Michelin CrossClimate 2 225/50 R17
Michelin CrossClimate 2 225-50-17,Michelin CrossClimate 2 225/50 R17
МИШЛЕН CrossClimate 2 225/50 R17 98V,Michelin CrossClimate 2 225/50 R17
MICH CC2 225/50R17 98V,Michelin CrossClimate 2 225/50 R17
MICH CrossClimate 2 225/50 R17 98V,Michelin CrossClimate 2 225/50 R17
Michelin CrossClimate 2 225/50R17 98V,Michelin CrossClimate 2 225/50 R17
МИШЛЕН CrossClimate 2 225/50R17 98V,Michelin CrossClimate 2 225/50 R17
MICH CrossClimate 2 225-50-17,Michelin CrossClimate 2 225/50 R17
МИШЛЕН CrossClimate 2 225-50-17,Michelin CrossClimate 2 225/50 R17
Michelin CC2 225/50R17 98V,Michelin CrossClimate 2 225/50 R17
МИШЛЕН CC2 225/50R17 98V,Michelin CrossClimate 2 225/50 R17
Michelin Alpin 6 195/65 R15 91T,Michelin Alpin 6 195/65 R15
MICH Alpin 6 195/65R15 91T,Michelin Alpin 6 195/65 R15
Michelin Alpin 6 195-65-15,Michelin Alpin 6 195/65 R15
МИШЛЕН Alpin 6 195/65 R15 91T,Michelin Alpin 6 195/65 R15
MICH A6 195/65R15 91T,Michelin Alpin 6 195/65 R15
MICH Alpin 6 195/65 R15 91T,Michelin Alpin 6 195/65 R15
Michelin Alpin 6 195/65R15 91T,Michelin Alpin 6 195/65 R15
МИШЛЕН Alpin 6 195/65R15 91T,Michelin Alpin 6 195/65 R15
MICH Alpin 6 195-65-15,Michelin Alpin 6 195/65 R15
МИШЛЕН Alpin 6 195-65-15,Michelin Alpin 6 195/65 R15
Michelin A6 195/65R15 91T,Michelin Alpin 6 195/65 R15
МИШЛЕН A6 195/65R15 91T,Michelin Alpin 6 195/65 R15
Michelin Alpin 6 205/60 R16 96H,Michelin Alpin 6 205/60 R16
MICH Alpin 6 205/60R16 96H,Michelin Alpin 6 205/60 R16
Michelin Alpin 6 205-60-16,Michelin Alpin 6 205/60 R16
МИШЛЕН Alpin 6 205/60 R16 96H,Michelin Alpin 6 205/60 R16
MICH A6 205/60R16 96H,Michelin Alpin 6 205/60 R16
MICH Alpin 6 205/60 R16 96H,Michelin Alpin 6 205/60 R16
Michelin Alpin 6 205/60R16 96H,Michelin Alpin 6 205/60 R16
МИШЛЕН Alpin 6 205/60R16 96H,Michelin Alpin 6 205/60 R16
MICH Alpin 6 205-60-16,Michelin Alpin 6 205/60 R16
МИШЛЕН Alpin 6 205-60-16,Michelin Alpin 6 205/60 R16
Michelin A6 205/60R16 96H,Michelin Alpin 6 205/60 R16
МИШЛЕН A6 205/60R16 96H,Michelin Alpin 6 205/60 R16
Michelin Alpin 6 215/55 R16 97H,Michelin Alpin 6 215/55 R16
MICH Alpin 6 215/55R16 97H,Michelin Alpin 6 215/55 R16
Michelin Alpin 6 215-55-16,Michelin Alpin 6 215/55 R16
МИШЛЕН Alpin 6 215/55 R16 97H,Michelin Alpin 6 215/55 R16
MICH A6 215/55R16 97H,Michelin Alpin 6 215/55 R16
MICH Alpin 6 215/55 R16 97H,Michelin Alpin 6 215/55 R16
Michelin Alpin 6 215/55R16 97H,Michelin Alpin 6 215/55 R16
МИШЛЕН Alpin 6 215/55R16 97H,Michelin Alpin 6 215/55 R16
MICH Alpin 6 215-55-16,Michelin Alpin 6 215/55 R16
МИШЛЕН Alpin 6 215-55-16,Michelin Alpin 6 215/55 R16
Michelin A6 215/55R16 97H,Michelin Alpin 6 215/55 R16
МИШЛЕН A6 215/55R16 97H,Michelin Alpin 6 215/55 R16
Continental PremiumContact 6 205/55 R16 94V,Continental PremiumContact 6 205/55 R16
CONT PremiumContact 6 205/55R16 94V,Continental PremiumContact 6 205/55 R16
Continental PremiumContact 6 205-55-16,Continental PremiumContact 6 205/55 R16
КОНТИНЕНТАЛЬ PremiumContact 6 205/55 R16 94V,Continental PremiumContact 6 205/55 R16
CONT PC6 205/55R16 94V,Continental PremiumContact 6 205/55 R16
CONT PremiumContact 6 205/55 R16 94V,Continental PremiumContact 6 205/55 R16
Continental PremiumContact 6 205/55R16 94V,Continental PremiumContact 6 205/55 R16
КОНТИНЕНТАЛЬ PremiumContact 6 205/55R16 94V,Continental PremiumContact 6 205/55 R16
CONT PremiumContact 6 205-55-16,Continental PremiumContact 6 205/55 R16
КОНТИНЕНТАЛЬ PremiumContact 6 205-55-16,Continental PremiumContact 6 205/55 R16
Continental PC6 205/55R16 94V,Continental PremiumContact 6 205/55 R16
КОНТИНЕНТАЛЬ PC6 205/55R16 94V,Continental PremiumContact 6 205/55 R16
Continental PremiumContact 6 225/45 R17 91Y,Continental PremiumContact 6 225/45 R17
CONT PremiumContact 6 225/45R17 91Y,Continental PremiumContact 6 225/45 R17
Continental PremiumContact 6 225-45-17,Continental PremiumContact 6 225/45 R17
КОНТИНЕНТАЛЬ PremiumContact 6 225/45 R17 91Y,Continental PremiumContact 6 225/45 R17
CONT PC6 225/45R17 91Y,Continental PremiumContact 6 225/45 R17
CONT PremiumContact 6 225/45 R17 91Y,Continental PremiumContact 6 225/45 R17
Continental PremiumContact 6 225/45R17 91Y,Continental PremiumContact 6 225/45 R17
КОНТИНЕНТАЛЬ PremiumContact 6 225/45R17 91Y,Continental PremiumContact 6 225/45 R17
CONT PremiumContact 6 225-45-17,Continental PremiumContact 6 225/45 R17
КОНТИНЕНТАЛЬ PremiumContact 6 225-45-17,Continental PremiumContact 6 225/45 R17
Continental PC6 225/45R17 91Y,Continental PremiumContact 6 225/45 R17
КОНТИНЕНТАЛЬ PC6 225/45R17 91Y,Continental PremiumContact 6 225/45 R17
Continental PremiumContact 6 235/50 R18 101Y,Continental PremiumContact 6 235/50 R18
CONT PremiumContact 6 235/50R18 101Y,Continental PremiumContact 6 235/50 R18
Continental PremiumContact 6 235-50-18,Continental PremiumContact 6 235/50 R18
КОНТИНЕНТАЛЬ PremiumContact 6 235/50 R18 101Y,Continental PremiumContact 6 235/50 R18
CONT PC6 235/50R18 101Y,Continental PremiumContact 6 235/50 R18
CONT PremiumContact 6 235/50 R18 101Y,Continental PremiumContact 6 235/50 R18
Continental PremiumContact 6 235/50R18 101Y,Continental PremiumContact 6 235/50 R18
КОНТИНЕНТАЛЬ PremiumContact 6 235/50R18 101Y,Continental PremiumContact 6 235/50 R18
CONT PremiumContact 6 235-50-18,Continental PremiumContact 6 235/50 R18
КОНТИНЕНТАЛЬ PremiumContact 6 235-50-18,Continental PremiumContact 6 235/50 R18
Continental PC6 235/50R18 101Y,Continental PremiumContact 6 235/50 R18
КОНТИНЕНТАЛЬ PC6 235/50R18 101Y,Continental PremiumContact 6 235/50 R18
Continental WinterContact TS860 185/60 R15 88T,Continental WinterContact TS860 185/60 R15
CONT WinterContact TS860 185/60R15 88T,Continental WinterContact TS860 185/60 R15
Continental WinterContact TS860 185-60-15,Continental WinterContact TS860 185/60 R15
КОНТИНЕНТАЛЬ WinterContact TS860 185/60 R15 88T,Continental WinterContact TS860 185/60 R15
CONT WC TS860 185/60R15 88T,Continental WinterContact TS860 185/60 R15
CONT WinterContact TS860 185/60 R15 88T,Continental WinterContact TS860 185/60 R15
Continental WinterContact TS860 185/60R15 88T,Continental WinterContact TS860 185/60 R15
КОНТИНЕНТАЛЬ WinterContact TS860 185/60R15 88T,Continental WinterContact TS860 185/60 R15
CONT WinterContact TS860 185-60-15,Continental WinterContact TS860 185/60 R15
КОНТИНЕНТАЛЬ WinterContact TS860 185-60-15,Continental WinterContact TS860 185/60 R15
Continental WC TS860 185/60R15 88T,Continental WinterContact TS860 185/60 R15
КОНТИНЕНТАЛЬ WC TS860 185/60R15 88T,Continental WinterContact TS860 185/60 R15
Continental WinterContact TS860 195/65 R15 91T,Continental WinterContact TS860 195/65 R15
CONT WinterContact TS860 195/65R15 91T,Continental WinterContact TS860 195/65 R15
Continental WinterContact TS860 195-65-15,Continental WinterContact TS860 195/65 R15
КОНТИНЕНТАЛЬ WinterContact TS860 195/65 R15 91T,Continental WinterContact TS860 195/65 R15
CONT WC TS860 195/65R15 91T,Continental WinterContact TS860 195/65 R15
CONT WinterContact TS860 195/65 R15 91T,Continental WinterContact TS860 195/65 R15
Continental WinterContact TS860 195/65R15 91T,Continental WinterContact TS860 195/65 R15
КОНТИНЕНТАЛЬ WinterContact TS860 195/65R15 91T,Continental WinterContact TS860 195/65 R15
CONT WinterContact TS860 195-65-15,Continental WinterContact TS860 195/65 R15
КОНТИНЕНТАЛЬ WinterContact TS860 195-65-15,Continental WinterContact TS860 195/65 R15
Continental WC TS860 195/65R15 91T,Continental WinterContact TS860 195/65 R15
КОНТИНЕНТАЛЬ WC TS860 195/65R15 91T,Continental WinterContact TS860 195/65 R15
Continental WinterContact TS860 205/55 R16 91T,Continental WinterContact TS860 205/55 R16
CONT WinterContact TS860 205/55R16 91T,Continental WinterContact TS860 205/55 R16
Continental WinterContact TS860 205-55-16,Continental WinterContact TS860 205/55 R16
КОНТИНЕНТАЛЬ WinterContact TS860 205/55 R16 91T,Continental WinterContact TS860 205/55 R16
CONT WC TS860 205/55R16 91T,Continental WinterContact TS860 205/55 R16
CONT WinterContact TS860 205/55 R16 91T,Continental WinterContact TS860 205/55 R16
Continental WinterContact TS860 205/55R16 91T,Continental WinterContact TS860 205/55 R16
КОНТИНЕНТАЛЬ WinterContact TS860 205/55R16 91T,Continental WinterContact TS860 205/55 R16
CONT WinterContact TS860 205-55-16,Continental WinterContact TS860 205/55 R16
КОНТИНЕНТАЛЬ WinterContact TS860 205-55-16,Continental WinterContact TS860 205/55 R16
Continental WC TS860 205/55R16 91T,Continental WinterContact TS860 205/55 R16
КОНТИНЕНТАЛЬ WC TS860 205/55R16 91T,Continental WinterContact TS860 205/55 R16
Continental WinterContact TS860 215/60 R16 99H,Continental WinterContact TS860 215/60 R16
CONT WinterContact TS860 215/60R16 99H,Continental WinterContact TS860 215/60 R16
Continental WinterContact TS860 215-60-16,Continental WinterContact TS860 215/60 R16
КОНТИНЕНТАЛЬ WinterContact TS860 215/60 R16 99H,Continental WinterContact TS860 215/60 R16
CONT WC TS860 215/60R16 99H,Continental WinterContact TS860 215/60 R16
CONT WinterContact TS860 215/60 R16 99H,Continental WinterContact TS860 215/60 R16
Continental WinterContact TS860 215/60R16 99H,Continental WinterContact TS860 215/60 R16
КОНТИНЕНТАЛЬ WinterContact TS860 215/60R16 99H,Continental WinterContact TS860 215/60 R16
CONT WinterContact TS860 215-60-16,Continental WinterContact TS860 215/60 R16
КОНТИНЕНТАЛЬ WinterContact TS860 215-60-16,Continental WinterContact TS860 215/60 R16
Continental WC TS860 215/60R16 99H,Continental WinterContact TS860 215/60 R16
КОНТИНЕНТАЛЬ WC TS860 215/60R16 99H,Continental WinterContact TS860 215/60 R16
Continental AllSeasonContact 2 185/65 R15 92T,Continental AllSeasonContact 2 185/65 R15
CONT AllSeasonContact 2 185/65R15 92T,Continental AllSeasonContact 2 185/65 R15
Continental AllSeasonContact 2 185-65-15,Continental AllSeasonContact 2 185/65 R15
КОНТИНЕНТАЛЬ AllSeasonContact 2 185/65 R15 92T,Continental AllSeasonContact 2 185/65 R15
CONT ASC2 185/65R15 92T,Continental AllSeasonContact 2 185/65 R15
CONT AllSeasonContact 2 185/65 R15 92T,Continental AllSeasonContact 2 185/65 R15
Continental AllSeasonContact 2 185/65R15 92T,Continental AllSeasonContact 2 185/65 R15
КОНТИНЕНТАЛЬ AllSeasonContact 2 185/65R15 92T,Continental AllSeasonContact 2 185/65 R15
CONT AllSeasonContact 2 185-65-15,Continental AllSeasonContact 2 185/65 R15
КОНТИНЕНТАЛЬ AllSeasonContact 2 185-65-15,Continental AllSeasonContact 2 185/65 R15
Continental ASC2 185/65R15 92T,Continental AllSeasonContact 2 185/65 R15
КОНТИНЕНТАЛЬ ASC2 185/65R15 92T,Continental AllSeasonContact 2 185/65 R15
Continental AllSeasonContact 2 205/55 R16 94H,Continental AllSeasonContact 2 205/55 R16
CONT AllSeasonContact 2 205/55R16 94H,Continental AllSeasonContact 2 205/55 R16
Continental AllSeasonContact 2 205-55-16,Continental AllSeasonContact 2 205/55 R16
КОНТИНЕНТАЛЬ AllSeasonContact 2 205/55 R16 94H,Continental AllSeasonContact 2 205/55 R16
CONT ASC2 205/55R16 94H,Continental AllSeasonContact 2 205/55 R16
CONT AllSeasonContact 2 205/55 R16 94H,Continental AllSeasonContact 2 205/55 R16
Continental AllSeasonContact 2 205/55R16 94H,Continental AllSeasonContact 2 205/55 R16
КОНТИНЕНТАЛЬ AllSeasonContact 2 205/55R16 94H,Continental AllSeasonContact 2 205/55 R16
CONT AllSeasonContact 2 205-55-16,Continental AllSeasonContact 2 205/55 R16
КОНТИНЕНТАЛЬ AllSeasonContact 2 205-55-16,Continental AllSeasonContact 2 205/55 R16
Continental ASC2 205/55R16 94H,Continental AllSeasonContact 2 205/55 R16
КОНТИНЕНТАЛЬ ASC2 205/55R16 94H,Continental AllSeasonContact 2 205/55 R16
Bridgestone Turanza T005 205/55 R16 91V,Bridgestone Turanza T005 205/55 R16
BRIDGE Turanza T005 205/55R16 91V,Bridgestone Turanza T005 205/55 R16
Bridgestone Turanza T005 205-55-16,Bridgestone Turanza T005 205/55 R16
БРИДЖСТОУН Turanza T005 205/55 R16 91V,Bridgestone Turanza T005 205/55 R16
BRIDGE T005 205/55R16 91V,Bridgestone Turanza T005 205/55 R16
BRIDGESTONE TURANZA T005 205/55 R16 91V,Bridgestone Turanza T005 205/55 R16
BRIDGE TURANZA T005 205/55R16 91V,Bridgestone Turanza T005 205/55 R16
BRIDGESTONE TURANZA T005 205-55-16,Bridgestone Turanza T005 205/55 R16
БРИДЖСТОУН TURANZA T005 205/55 R16 91V,Bridgestone Turanza T005 205/55 R16
bridgestone turanza t005 205/55 r16 91v,Bridgestone Turanza T005 205/55 R16
bridge turanza t005 205/55r16 91v,Bridgestone Turanza T005 205/55 R16
bridgestone turanza t005 205-55-16,Bridgestone Turanza T005 205/55 R16
Bridgestone Turanza T005 215/55 R17 98W,Bridgestone Turanza T005 215/55 R17
BRIDGE Turanza T005 215/55R17 98W,Bridgestone Turanza T005 215/55 R17
Bridgestone Turanza T005 215-55-17,Bridgestone Turanza T005 215/55 R17
БРИДЖСТОУН Turanza T005 215/55 R17 98W,Bridgestone Turanza T005 215/55 R17
BRIDGE T005 215/55R17 98W,Bridgestone Turanza T005 215/55 R17
BRIDGESTONE TURANZA T005 215/55 R17 98W,Bridgestone Turanza T005 215/55 R17
BRIDGE TURANZA T005 215/55R17 98W,Bridgestone Turanza T005 215/55 R17
BRIDGESTONE TURANZA T005 215-55-17,Bridgestone Turanza T005 215/55 R17
БРИДЖСТОУН TURANZA T005 215/55 R17 98W,Bridgestone Turanza T005 215/55 R17
bridgestone turanza t005 215/55 r17 98w,Bridgestone Turanza T005 215/55 R17
bridge turanza t005 215/55r17 98w,Bridgestone Turanza T005 215/55 R17
bridgestone turanza t005 215-55-17,Bridgestone Turanza T005 215/55 R17
Bridgestone Turanza T005 225/50 R17 98W,Bridgestone Turanza T005 225/50 R17
BRIDGE Turanza T005 225/50R17 98W,Bridgestone Turanza T005 225/50 R17
Bridgestone Turanza T005 225-50-17,Bridgestone Turanza T005 225/50 R17
БРИДЖСТОУН Turanza T005 225/50 R17 98W,Bridgestone Turanza T005 225/50 R17
BRIDGE T005 225/50R17 98W,Bridgestone Turanza T005 225/50 R17
BRIDGESTONE TURANZA T005 225/50 R17 98W,Bridgestone Turanza T005 225/50 R17
BRIDGE TURANZA T005 225/50R17 98W,Bridgestone Turanza T005 225/50 R17
BRIDGESTONE TURANZA T005 225-50-17,Bridgestone Turanza T005 225/50 R17
БРИДЖСТОУН TURANZA T005 225/50 R17 98W,Bridgestone Turanza T005 225/50 R17
bridgestone turanza t005 225/50 r17 98w,Bridgestone Turanza T005 225/50 R17
bridge turanza t005 225/50r17 98w,Bridgestone Turanza T005 225/50 R17
bridgestone turanza t005 225-50-17,Bridgestone Turanza T005 225/50 R17
Bridgestone Blizzak LM005 185/65 R15 92T,Bridgestone Blizzak LM005 185/65 R15
BRIDGE Blizzak LM005 185/65R15 92T,Bridgestone Blizzak LM005 185/65 R15
Bridgestone Blizzak LM005 185-65-15,Bridgestone Blizzak LM005 185/65 R15
БРИДЖСТОУН Blizzak LM005 185/65 R15 92T,Bridgestone Blizzak LM005 185/65 R15
BRIDGE LM005 185/65R15 92T,Bridgestone Blizzak LM005 185/65 R15
BRIDGESTONE BLIZZAK LM005 185/65 R15 92T,Bridgestone Blizzak LM005 185/65 R15
BRIDGE BLIZZAK LM005 185/65R15 92T,Bridgestone Blizzak LM005 185/65 R15
BRIDGESTONE BLIZZAK LM005 185-65-15,Bridgestone Blizzak LM005 185/65 R15
БРИДЖСТОУН BLIZZAK LM005 185/65 R15 92T,Bridgestone Blizzak LM005 185/65 R15
bridgestone blizzak lm005 185/65 r15 92t,Bridgestone Blizzak LM005 185/65 R15
bridge blizzak lm005 185/65r15 92t,Bridgestone Blizzak LM005 185/65 R15
bridgestone blizzak lm005 185-65-15,Bridgestone Blizzak LM005 185/65 R15
Bridgestone Blizzak LM005 205/55 R16 91H,Bridgestone Blizzak LM005 205/55 R16
BRIDGE Blizzak LM005 205/55R16 91H,Bridgestone Blizzak LM005 205/55 R16
Bridgestone Blizzak LM005 205-55-16,Bridgestone Blizzak LM005 205/55 R16
БРИДЖСТОУН Blizzak LM005 205/55 R16 91H,Bridgestone Blizzak LM005 205/55 R16
BRIDGE LM005 205/55R16 91H,Bridgestone Blizzak LM005 205/55 R16
BRIDGESTONE BLIZZAK LM005 205/55 R16 91H,Bridgestone Blizzak LM005 205/55 R16
BRIDGE BLIZZAK LM005 205/55R16 91H,Bridgestone Blizzak LM005 205/55 R16
BRIDGESTONE BLIZZAK LM005 205-55-16,Bridgestone Blizzak LM005 205/55 R16
БРИДЖСТОУН BLIZZAK LM005 205/55 R16 91H,Bridgestone Blizzak LM005 205/55 R16
bridgestone blizzak lm005 205/55 r16 91h,Bridgestone Blizzak LM005 205/55 R16
bridge blizzak lm005 205/55r16 91h,Bridgestone Blizzak LM005 205/55 R16
bridgestone blizzak lm005 205-55-16,Bridgestone Blizzak LM005 205/55 R16
Bridgestone Blizzak LM005 215/60 R16 99H,Bridgestone Blizzak LM005 215/60 R16
BRIDGE Blizzak LM005 215/60R16 99H,Bridgestone Blizzak LM005 215/60 R16
Bridgestone Blizzak LM005 215-60-16,Bridgestone Blizzak LM005 215/60 R16
БРИДЖСТОУН Blizzak LM005 215/60 R16 99H,Bridgestone Blizzak LM005 215/60 R16
BRIDGE LM005 215/60R16 99H,Bridgestone Blizzak LM005 215/60 R16
BRIDGESTONE BLIZZAK LM005 215/60 R16 99H,Bridgestone Blizzak LM005 215/60 R16
BRIDGE BLIZZAK LM005 215/60R16 99H,Bridgestone Blizzak LM005 215/60 R16
BRIDGESTONE BLIZZAK LM005 215-60-16,Bridgestone Blizzak LM005 215/60 R16
БРИДЖСТОУН BLIZZAK LM005 215/60 R16 99H,Bridgestone Blizzak LM005 215/60 R16
bridgestone blizzak lm005 215/60 r16 99h,Bridgestone Blizzak LM005 215/60 R16
bridge blizzak lm005 215/60r16 99h,Bridgestone Blizzak LM005 215/60 R16
bridgestone blizzak lm005 215-60-16,Bridgestone Blizzak LM005 215/60 R16
Bridgestone Weather Control A005 195/65 R15 91H,Bridgestone Weather Control A005 195/65 R15
BRIDGE Weather Control A005 195/65R15 91H,Bridgestone Weather Control A005 195/65 R15
Bridgestone Weather Control A005 195-65-15,Bridgestone Weather Control A005 195/65 R15
БРИДЖСТОУН Weather Control A005 195/65 R15 91H,Bridgestone Weather Control A005 195/65 R15
BRIDGE WC A005 195/65R15 91H,Bridgestone Weather Control A005 195/65 R15
BRIDGESTONE WEATHER CONTROL A005 195/65 R15 91H,Bridgestone Weather Control A005 195/65 R15
BRIDGE WEATHER CONTROL A005 195/65R15 91H,Bridgestone Weather Control A005 195/65 R15
BRIDGESTONE WEATHER CONTROL A005 195-65-15,Bridgestone Weather Control A005 195/65 R15
БРИДЖСТОУН WEATHER CONTROL A005 195/65 R15 91H,Bridgestone Weather Control A005 195/65 R15
bridgestone weather control a005 195/65 r15 91h,Bridgestone Weather Control A005 195/65 R15
bridge weather control a005 195/65r15 91h,Bridgestone Weather Control A005 195/65 R15
bridgestone weather control a005 195-65-15,Bridgestone Weather Control A005 195/65 R15
Nokian Hakkapeliitta 10 205/55 R16 91T,Nokian Hakkapeliitta 10 205/55 R16
NOK Hakkapeliitta 10 205/55R16 91T,Nokian Hakkapeliitta 10 205/55 R16
Nokian Hakkapeliitta 10 205-55-16,Nokian Hakkapeliitta 10 205/55 R16
НОКИАН Hakkapeliitta 10 205/55 R16 91T,Nokian Hakkapeliitta 10 205/55 R16
NOK Hakka 10 205/55R16 91T,Nokian Hakkapeliitta 10 205/55 R16
NOKIAN HAKKAPELIITTA 10 205/55 R16 91T,Nokian Hakkapeliitta 10 205/55 R16
NOK HAKKAPELIITTA 10 205/55R16 91T,Nokian Hakkapeliitta 10 205/55 R16
NOKIAN HAKKAPELIITTA 10 205-55-16,Nokian Hakkapeliitta 10 205/55 R16
НОКИАН HAKKAPELIITTA 10 205/55 R16 91T,Nokian Hakkapeliitta 10 205/55 R16
NOK HAKKA 10 205/55R16 91T,Nokian Hakkapeliitta 10 205/55 R16
nokian hakkapeliitta 10 205/55 r16 91t,Nokian Hakkapeliitta 10 205/55 R16
nok hakkapeliitta 10 205/55r16 91t,Nokian Hakkapeliitta 10 205/55 R16
Nokian Hakkapeliitta 10 215/55 R17 98T,Nokian Hakkapeliitta 10 215/55 R17
NOK Hakkapeliitta 10 215/55R17 98T,Nokian Hakkapeliitta 10 215/55 R17
Nokian Hakkapeliitta 10 215-55-17,Nokian Hakkapeliitta 10 215/55 R17
НОКИАН Hakkapeliitta 10 215/55 R17 98T,Nokian Hakkapeliitta 10 215/55 R17
NOK Hakka 10 215/55R17 98T,Nokian Hakkapeliitta 10 215/55 R17
NOKIAN HAKKAPELIITTA 10 215/55 R17 98T,Nokian Hakkapeliitta 10 215/55 R17
NOK HAKKAPELIITTA 10 215/55R17 98T,Nokian Hakkapeliitta 10 215/55 R17
NOKIAN HAKKAPELIITTA 10 215-55-17,Nokian Hakkapeliitta 10 215/55 R17
НОКИАН HAKKAPELIITTA 10 215/55 R17 98T,Nokian Hakkapeliitta 10 215/55 R17
NOK HAKKA 10 215/55R17 98T,Nokian Hakkapeliitta 10 215/55 R17
nokian hakkapeliitta 10 215/55 r17 98t,Nokian Hakkapeliitta 10 215/55 R17
nok hakkapeliitta 10 215/55r17 98t,Nokian Hakkapeliitta 10 215/55 R17
Nokian Wetproof 195/65 R15 91H,Nokian Wetproof 195/65 R15
NOK Wetproof 195/65R15 91H,Nokian Wetproof 195/65 R15
Nokian Wetproof 195-65-15,Nokian Wetproof 195/65 R15
НОКИАН Wetproof 195/65 R15 91H,Nokian Wetproof 195/65 R15
NOK WP 195/65R15 91H,Nokian Wetproof 195/65 R15
NOKIAN WETPROOF 195/65 R15 91H,Nokian Wetproof 195/65 R15
NOK WETPROOF 195/65R15 91H,Nokian Wetproof 195/65 R15
NOKIAN WETPROOF 195-65-15,Nokian Wetproof 195/65 R15
НОКИАН WETPROOF 195/65 R15 91H,Nokian Wetproof 195/65 R15
nokian wetproof 195/65 r15 91h,Nokian Wetproof 195/65 R15
nok wetproof 195/65r15 91h,Nokian Wetproof 195/65 R15
nokian wetproof 195-65-15,Nokian Wetproof 195/65 R15
Nokian Wetproof 205/55 R16 94V,Nokian Wetproof 205/55 R16
NOK Wetproof 205/55R16 94V,Nokian Wetproof 205/55 R16
Nokian Wetproof 205-55-16,Nokian Wetproof 205/55 R16
НОКИАН Wetproof 205/55 R16 94V,Nokian Wetproof 205/55 R16
NOK WP 205/55R16 94V,Nokian Wetproof 205/55 R16
NOKIAN WETPROOF 205/55 R16 94V,Nokian Wetproof 205/55 R16
NOK WETPROOF 205/55R16 94V,Nokian Wetproof 205/55 R16
NOKIAN WETPROOF 205-55-16,Nokian Wetproof 205/55 R16
НОКИАН WETPROOF 205/55 R16 94V,Nokian Wetproof 205/55 R16
nokian wetproof 205/55 r16 94v,Nokian Wetproof 205/55 R16
nok wetproof 205/55r16 94v,Nokian Wetproof 205/55 R16
nokian wetproof 205-55-16,Nokian Wetproof 205/55 R16
Michelin Latitude Sport 3 245/45 R20 103W XL RunFlat,Michelin Latitude Sport 3 245/45 R20 103W XL RunFlat
MICH Latitude Sport 3 245/45R20 103W XL RunFlat,Michelin Latitude Sport 3 245/45 R20 103W XL RunFlat
Michelin Latitude Sport 3 245-45-20 XL RunFlat,Michelin Latitude Sport 3 245/45 R20 103W XL RunFlat
МИШЛЕН Latitude Sport 3 245/45 R20 103W XL RunFlat,Michelin Latitude Sport 3 245/45 R20 103W XL RunFlat
MICH LS3 245/45R20 103W XL SSR,Michelin Latitude Sport 3 245/45 R20 103W XL RunFlat
MICH Latitude Sport 3 245/45 R20 103W XL RunFlat,Michelin Latitude Sport 3 245/45 R20 103W XL RunFlat
Michelin Latitude Sport 3 245/45R20 103W XL RunFlat,Michelin Latitude Sport 3 245/45 R20 103W XL RunFlat
МИШЛЕН Latitude Sport 3 245/45R20 103W XL RunFlat,Michelin Latitude Sport 3 245/45 R20 103W XL RunFlat
MICH Latitude Sport 3 245-45-20 XL RunFlat,Michelin Latitude Sport 3 245/45 R20 103W XL RunFlat
МИШЛЕН Latitude Sport 3 245-45-20 XL RunFlat,Michelin Latitude Sport 3 245/45 R20 103W XL RunFlat
Michelin LS3 245/45R20 103W XL SSR,Michelin Latitude Sport 3 245/45 R20 103W XL RunFlat
МИШЛЕН LS3 245/45R20 103W XL SSR,Michelin Latitude Sport 3 245/45 R20 103W XL RunFlat
Michelin Latitude Sport 3 245/45 R20 103W XL RunFlat *,Michelin Latitude Sport 3 245/45 R20 103W XL RunFlat * (BMW)
MICH Latitude Sport 3 245/45R20 103W XL RunFlat *,Michelin Latitude Sport 3 245/45 R20 103W XL RunFlat * (BMW)
Michelin Latitude Sport 3 245-45-20 XL RunFlat *,Michelin Latitude Sport 3 245/45 R20 103W XL RunFlat * (BMW)
МИШЛЕН Latitude Sport 3 245/45 R20 103W XL RunFlat *,Michelin Latitude Sport 3 245/45 R20 103W XL RunFlat * (BMW)
MICH LS3 245/45R20 103W XL SSR *,Michelin Latitude Sport 3 245/45 R20 103W XL RunFlat * (BMW)
MICH Latitude Sport 3 245/45 R20 103W XL RunFlat *,Michelin Latitude Sport 3 245/45 R20 103W XL RunFlat * (BMW)
Michelin Latitude Sport 3 245/45R20 103W XL RunFlat *,Michelin Latitude Sport 3 245/45 R20 103W XL RunFlat * (BMW)
МИШЛЕН Latitude Sport 3 245/45R20 103W XL RunFlat *,Michelin Latitude Sport 3 245/45 R20 103W XL RunFlat * (BMW)
MICH Latitude Sport 3 245-45-20 XL RunFlat *,Michelin Latitude Sport 3 245/45 R20 103W XL RunFlat * (BMW)
МИШЛЕН Latitude Sport 3 245-45-20 XL RunFlat *,Michelin Latitude Sport 3 245/45 R20 103W XL RunFlat * (BMW)
Michelin LS3 245/45R20 103W XL SSR *,Michelin Latitude Sport 3 245/45 R20 103W XL RunFlat * (BMW)
МИШЛЕН LS3 245/45R20 103W XL SSR *,Michelin Latitude Sport 3 245/45 R20 103W XL RunFlat * (BMW)
Michelin Latitude Sport 3 245/45 R20 103W XL RunFlat MO,Michelin Latitude Sport 3 245/45 R20 103W XL RunFlat MO (Mercedes)
MICH Latitude Sport 3 245/45R20 103W XL RunFlat MO,Michelin Latitude Sport 3 245/45 R20 103W XL RunFlat MO (Mercedes)
Michelin Latitude Sport 3 245-45-20 XL RunFlat MO,Michelin Latitude Sport 3 245/45 R20 103W XL RunFlat MO (Mercedes)
МИШЛЕН Latitude Sport 3 245/45 R20 103W XL RunFlat MO,Michelin Latitude Sport 3 245/45 R20 103W XL RunFlat MO (Mercedes)
MICH LS3 245/45R20 103W XL SSR MO,Michelin Latitude Sport 3 245/45 R20 103W XL RunFlat MO (Mercedes)
MICH Latitude Sport 3 245/45 R20 103W XL RunFlat MO,Michelin Latitude Sport 3 245/45 R20 103W XL RunFlat MO (Mercedes)
Michelin Latitude Sport 3 245/45R20 103W XL RunFlat MO,Michelin Latitude Sport 3 245/45 R20 103W XL RunFlat MO (Mercedes)
МИШЛЕН Latitude Sport 3 245/45R20 103W XL RunFlat MO,Michelin Latitude Sport 3 245/45 R20 103W XL RunFlat MO (Mercedes)
MICH Latitude Sport 3 245-45-20 XL RunFlat MO,Michelin Latitude Sport 3 245/45 R20 103W XL RunFlat MO (Mercedes)
МИШЛЕН Latitude Sport 3 245-45-20 XL RunFlat MO,Michelin Latitude Sport 3 245/45 R20 103W XL RunFlat MO (Mercedes)
Michelin LS3 245/45R20 103W XL SSR MO,Michelin Latitude Sport 3 245/45 R20 103W XL RunFlat MO (Mercedes)
МИШЛЕН LS3 245/45R20 103W XL SSR MO,Michelin Latitude Sport 3 245/45 R20 103W XL RunFlat MO (Mercedes)
Michelin Latitude Sport 3 245/45 R20 103W XL RunFlat N0,Michelin Latitude Sport 3 245/45 R20 103W XL RunFlat N0 (Porsche)
MICH Latitude Sport 3 245/45R20 103W XL RunFlat N0,Michelin Latitude Sport 3 245/45 R20 103W XL RunFlat N0 (Porsche)
Michelin Latitude Sport 3 245-45-20 XL RunFlat N0,Michelin Latitude Sport 3 245/45 R20 103W XL RunFlat N0 (Porsche)
МИШЛЕН Latitude Sport 3 245/45 R20 103W XL RunFlat N0,Michelin Latitude Sport 3 245/45 R20 103W XL RunFlat N0 (Porsche)
MICH LS3 245/45R20 103W XL SSR N0,Michelin Latitude Sport 3 245/45 R20 103W XL RunFlat N0 (Porsche)
MICH Latitude Sport 3 245/45 R20 103W XL RunFlat N0,Michelin Latitude Sport 3 245/45 R20 103W XL RunFlat N0 (Porsche)
Michelin Latitude Sport 3 245/45R20 103W XL RunFlat N0,Michelin Latitude Sport 3 245/45 R20 103W XL RunFlat N0 (Porsche)
МИШЛЕН Latitude Sport 3 245/45R20 103W XL RunFlat N0,Michelin Latitude Sport 3 245/45 R20 103W XL RunFlat N0 (Porsche)
MICH Latitude Sport 3 245-45-20 XL RunFlat N0,Michelin Latitude Sport 3 245/45 R20 103W XL RunFlat N0 (Porsche)
МИШЛЕН Latitude Sport 3 245-45-20 XL RunFlat N0,Michelin Latitude Sport 3 245/45 R20 103W XL RunFlat N0 (Porsche)
Michelin LS3 245/45R20 103W XL SSR N0,Michelin Latitude Sport 3 245/45 R20 103W XL RunFlat N0 (Porsche)
МИШЛЕН LS3 245/45R20 103W XL SSR N0,Michelin Latitude Sport 3 245/45 R20 103W XL RunFlat N0 (Porsche)
Michelin Pilot Sport 4 S 245/35 R20 95Y XL,Michelin Pilot Sport 4 S 245/35 R20 95Y XL
MICH Pilot Sport 4 S 245/35R20 95Y XL,Michelin Pilot Sport 4 S 245/35 R20 95Y XL
Michelin Pilot Sport 4 S 245-35-20 XL,Michelin Pilot Sport 4 S 245/35 R20 95Y XL
МИШЛЕН Pilot Sport 4 S 245/35 R20 95Y XL,Michelin Pilot Sport 4 S 245/35 R20 95Y XL
MICH PS4 S 245/35R20 95Y XL,Michelin Pilot Sport 4 S 245/35 R20 95Y XL
MICH Pilot Sport 4 S 245/35 R20 95Y XL,Michelin Pilot Sport 4 S 245/35 R20 95Y XL
Michelin Pilot Sport 4 S 245/35R20 95Y XL,Michelin Pilot Sport 4 S 245/35 R20 95Y XL
МИШЛЕН Pilot Sport 4 S 245/35R20 95Y XL,Michelin Pilot Sport 4 S 245/35 R20 95Y XL
MICH Pilot Sport 4 S 245-35-20 XL,Michelin Pilot Sport 4 S 245/35 R20 95Y XL
МИШЛЕН Pilot Sport 4 S 245-35-20 XL,Michelin Pilot Sport 4 S 245/35 R20 95Y XL
Michelin PS4 S 245/35R20 95Y XL,Michelin Pilot Sport 4 S 245/35 R20 95Y XL
МИШЛЕН PS4 S 245/35R20 95Y XL,Michelin Pilot Sport 4 S 245/35 R20 95Y XL
Continental PremiumContact 6 225/45 R17 94Y XL RunFlat,Continental PremiumContact 6 225/45 R17 94Y XL SSR RunFlat
CONT PremiumContact 6 225/45R17 94Y XL RunFlat,Continental PremiumContact 6 225/45 R17 94Y XL SSR RunFlat
Continental PremiumContact 6 225-45-17 XL RunFlat,Continental PremiumContact 6 225/45 R17 94Y XL SSR RunFlat
КОНТИНЕНТАЛЬ PremiumContact 6 225/45 R17 94Y XL RunFlat,Continental PremiumContact 6 225/45 R17 94Y XL SSR RunFlat
CONT PC6 225/45R17 94Y XL SSR,Continental PremiumContact 6 225/45 R17 94Y XL SSR RunFlat
CONT PremiumContact 6 225/45 R17 94Y XL RunFlat,Continental PremiumContact 6 225/45 R17 94Y XL SSR RunFlat
Continental PremiumContact 6 225/45R17 94Y XL RunFlat,Continental PremiumContact 6 225/45 R17 94Y XL SSR RunFlat
КОНТИНЕНТАЛЬ PremiumContact 6 225/45R17 94Y XL RunFlat,Continental PremiumContact 6 225/45 R17 94Y XL SSR RunFlat
CONT PremiumContact 6 225-45-17 XL RunFlat,Continental PremiumContact 6 225/45 R17 94Y XL SSR RunFlat
КОНТИНЕНТАЛЬ PremiumContact 6 225-45-17 XL RunFlat,Continental PremiumContact 6 225/45 R17 94Y XL SSR RunFlat
Continental PC6 225/45R17 94Y XL SSR,Continental PremiumContact 6 225/45 R17 94Y XL SSR RunFlat
КОНТИНЕНТАЛЬ PC6 225/45R17 94Y XL SSR,Continental PremiumContact 6 225/45 R17 94Y XL SSR RunFlat
